<?xml version="1.0" encoding="UTF-8"?>
<project-private xmlns="http://www.netbeans.org/ns/project-private/1">
    <editor-bookmarks xmlns="http://www.netbeans.org/ns/editor-bookmarks/2" lastBookmarkId="0"/>
    <open-files xmlns="http://www.netbeans.org/ns/projectui-open-files/2">
        <group>
            <file>file:/C:/Users/Kyaw%20Min%20Wai/Desktop/Banking_System/src/banking_system/ForgetPassword.java</file>
            <file>file:/C:/Users/Kyaw%20Min%20Wai/Desktop/Banking_System/src/banking_system/Loading_Form.java</file>
            <file>file:/C:/Users/Kyaw%20Min%20Wai/Desktop/Banking_System/src/banking_system/Login_form.java</file>
            <file>file:/C:/Users/Kyaw%20Min%20Wai/Desktop/Banking_System/src/banking_system/ProgressBarCustom.java</file>
            <file>file:/C:/Users/Kyaw%20Min%20Wai/Desktop/Banking_System/src/banking_system/DBconnect.java</file>
            <file>file:/C:/Users/Kyaw%20Min%20Wai/Desktop/Banking_System/src/banking_system/Home_Page.java</file>
            <file>file:/C:/Users/Kyaw%20Min%20Wai/Desktop/Banking_System/src/banking_system/Group6Info.java</file>
            <file>file:/C:/Users/Kyaw%20Min%20Wai/Desktop/Banking_System/src/banking_system/Signup_Form.java</file>
        </group>
    </open-files>
</project-private>
